learning_rate	batch_size	epochs	noise	sparsity	num_components	end_loss
Learn: 0.0015	50	100	Noise: 0	0.0	5	0.004202570300549269
Learn: 0.0015	50	100	Noise: 0	0.0	25	0.0028516305809438078
Learn: 5e-04	50	100	Noise: 0	0.0	50	0.0022953770780963965
Learn: 5e-04	50	100	Noise: 0	0.0	75	0.0019045447341011995
Learn: 5e-04	50	100	Noise: 0	0.0	100	0.0016684179538252516
Learn: 5e-04	50	100	Noise: 0	0.0	125	0.0016043259342196374
