learning_rate	batch_size	epochs	noise	sparsity	num_components	end_loss
Learn: 0.001	50	100	Noise: 0.1	0.0	5	0.005791494860968946
Learn: 0.001	100	100	Noise: 0	0.0	25	0.0024124739006402486
Learn: 5e-04	50	100	Noise: 0	0.0	50	0.0017888014826272034
Learn: 5e-04	50	100	Noise: 0	0.0	75	0.0012287075773851786
Learn: 5e-05	50	100	Noise: 0	0.0	100	0.0011807037847198034
Learn: 5e-04	50	100	Noise: 0	0.0	125	9.444399380272064e-4
