learning_rate	batch_size	epochs	noise	sparsity	num_components	end_loss
Learn: 0.0015	50	100	Noise: 0	0.0	5	0.0032098319641216165
Learn: 5e-04	50	100	Noise: 0	0.0	25	0.001924451018201571
Learn: 5e-04	50	100	Noise: 0	0.0	50	0.0015330527916120075
Learn: 5e-04	50	100	Noise: 0	0.0	75	0.0012558522516037875
Learn: 5e-04	50	100	Noise: 0	0.0	100	0.0011537710804932154
Learn: 5e-04	50	100	Noise: 0	0.0	125	0.0010549039492177678
