Dataset	Metaedge	BioBombe_Coverage
TCGA	GpH	100
TCGA	GpXCELL	89.7750511247444
TCGA	GpC4CM	96.0556844547564
TCGA	GpC2CPREACTOME	91.839762611276
TCGA	GpC3TFT	97.2357723577236
TARGET	GpH	100
TARGET	GpXCELL	93.2515337423313
TARGET	GpC4CM	90.7192575406033
GTEX	GpXCELL	91.6155419222904
